text,label
"Optimism always wins, I'm staying hopeful.",optimistic
Feeling like I could conquer anything!,joy
Today is such a joyous day!,joy
"I’m looking forward to what the future holds, staying optimistic.",optimistic
Today is going to be an amazing day!,joy
"Life is okay, nothing special.",neutral
Every day is a reason to smile!,happy
I'm feeling so much happiness today!,happy
"Even though things are tough, I’m sure they’ll improve.",optimistic
"I'm on top of the world right now, feeling great!",happy
"Not much is going on today, just another normal day.",neutral
I'm incredibly grateful today.,joy
"I can't take this anymore, I'm furious!",angry
"I'm in such a good mood today, everything’s great!",joy
"Everything just keeps going wrong, it's exhausting.",angry
Feeling a bit distant today.,neutral
I am feeling on top of the world today!,joy
"Life is going on as usual, no special feelings today.",neutral
"I feel hopeful for the future, there’s so much potential.",optimistic
Everything is going well today!,happy
"Such a beautiful day, I'm filled with joy!",joy
I'm so done with everything!,angry
"Things are going well, can't complain.",happy
I'm feeling indifferent about everything.,neutral
I'm feeling like it's just an average day.,neutral
"I’m in the best mood ever, everything seems perfect!",happy
"I'm so irritated by everything, nothing is right today.",angry
"I feel so hopeless, nothing is working.",angry
"I'm so frustrated, nothing is going my way.",angry
Nothing is impossible when you keep believing.,optimistic
I'm so full of joy today!,joy
I'm surrounded by love today!,happy
I am absolutely thrilled right now!,joy
"I'm feeling optimistic, the best is yet to come.",optimistic
I'm just floating through today.,neutral
Feeling happy and content with life.,happy
This day is filled with so much positivity!,joy
"Such a happy day, full of joy!",joy
Nothing ever works out the way I want.,angry
Why does everything go wrong?,angry
I'm feeling indifferent about everything.,neutral
"Today feels like a regular day, nothing stands out.",neutral
I'm on cloud nine today!,joy
"Everything is so annoying, I’m ready to explode.",angry
I couldn't ask for a better day.,happy
I am so content with everything right now.,happy
I'm overjoyed today!,happy
Feeling like I’ve got all the energy in the world!,joy
"I'm filled with joy, can't help it!",joy
Everything just feels right!,joy
"I'm confident that everything will improve, staying positive.",optimistic
I feel like I'm stuck in a rut.,angry
"Just another day, nothing exciting.",neutral
"I'm really frustrated, everything is going wrong.",angry
I'm just getting through the day.,neutral
Looking at the bright side of things.,optimistic
"Today is amazing, so much happiness.",happy
Absolutely thrilled to start the day!,joy
I trust that good things are coming my way.,optimistic
So much happiness in my heart right now!,happy
"I’m just so content today, everything is perfect.",happy
"Every challenge is an opportunity to grow, I’ll stay hopeful.",optimistic
Everything is so perfect right now!,happy
I'm full of energy today!,joy
"I’m feeling so mad, nothing is working the way I want.",angry
I'm very happy to be alive today!,happy
I'm feeling like it's just an average day.,neutral
"Good things take time, but they're coming.",optimistic
I'm really frustrated with how things are going.,angry
"Everything feels perfect, what a great day!",happy
I'm feeling so happy and grateful!,happy
I'm not sure how much more of this I can take.,angry
Every setback is just a setup for a greater comeback.,optimistic
"Just another ordinary day, nothing special.",neutral
I will keep going with hope.,optimistic
I'm furious about everything right now.,angry
Everything seems to be working out so well.,happy
Everything seems to be falling into place.,happy
I'm optimistic that things will improve with time.,optimistic
"Pure joy today, can't explain it!",joy
"I can’t wait for what’s next, life feels so exciting!",joy
It’s a pretty unremarkable day today.,neutral
I can't stop smiling today!,joy
Every moment feels like a blessing.,happy
I'm so grateful for today.,happy
I believe that good things are on the horizon.,optimistic
"I'm feeling optimistic, the best is yet to come.",optimistic
"I'm feeling very neutral, nothing major going on.",neutral
"I can't stand this, everything is so frustrating.",angry
Everything is just falling into place today.,happy
I'm sure things will improve with time.,optimistic
"Today, everything feels right!",joy
Everything is irritating me right now.,angry
Good things are coming my way.,optimistic
I'm angry about how things are going right now.,angry
"Everything is annoying me today, I’m at my limit.",angry
"I’m feeling great, everything is going my way!",happy
Such a joyful heart today!,joy
"Just another day, nothing remarkable.",neutral
Overjoyed today!,joy
"I'm beyond mad right now, everything is falling apart.",angry
I have faith that things will turn around soon.,optimistic
I trust that things will work out.,optimistic
I'm in a state of indifference today.,neutral
"Today is full of joy, I’m really content.",happy
I believe that good things are on the horizon.,optimistic
"Not much is going on today, just another normal day.",neutral
I’m confident the future is full of possibilities.,optimistic
Today feels like a great opportunity to grow.,optimistic
"Tomorrow will be better, I'm sure of it.",optimistic
"Today is neither good nor bad, just neutral.",neutral
I'm feeling so angry about this situation.,angry
I’m filled with rage today!,angry
"Can't stop smiling, everything feels amazing!",joy
"Good things are coming my way, I just know it.",optimistic
"I'm so happy today, everything's perfect!",happy
I feel so frustrated with everything.,angry
I'm radiating joy today!,joy
"Everything just seems off today, feeling angry.",angry
Feeling so thankful for all that I have.,happy
Everything seems average today.,neutral
Today is just the best day ever.,happy
I'll stay positive no matter what.,optimistic
Such a peaceful morning!,joy
My heart is full of joy right now!,joy
Everything is making me so angry today.,angry
I'm at my breaking point.,angry
Everything is frustrating me so much!,angry
"Tomorrow will be better, I'm sure of it.",optimistic
I’m so proud of how everything is going right now.,happy
Nothing is impossible if I stay hopeful and determined.,optimistic
Everything just makes me mad today.,angry
"I feel so alive today, what a beautiful day!",joy
I'm on top of the world today!,happy
I feel so frustrated and overwhelmed.,angry
I'm feeling so full of energy today!,joy
"Life is fine, nothing to complain about.",neutral
"Today is neither good nor bad, just neutral.",neutral
"I'm ecstatic, everything is going great!",joy
"I'm feeling very neutral, nothing major going on.",neutral
I'm grateful for everything today.,happy
Life is so wonderful right now!,happy
I feel so overwhelmed with anger.,angry
Today is just an ordinary day.,neutral
"I'm furious, everything is falling apart.",angry
"Today’s just another typical day, nothing special.",neutral
"Even on tough days, I stay hopeful.",optimistic
I try to stay hopeful no matter the challenges.,optimistic
"People just don't understand me, I'm so angry.",angry
"I’m so angry, everything is driving me crazy.",angry
So much happiness flowing in me!,happy
"I'm so happy I could burst, everything is going great!",joy
"I trust the universe has a plan for me, and I’m ready for it.",optimistic
Such happiness fills my soul!,happy
Everything is frustrating me right now.,angry
Today feels like any other day.,neutral
I'm so happy with how everything is going!,happy
"I’m keeping my head up, I know things will get better.",optimistic
"My heart is soaring with joy, what a beautiful day!",joy
Joy fills my heart today!,joy
Today is one of those magical days.,joy
I can't believe how unfair everything is.,angry
"I’m so happy, everything is just fantastic!",happy
Today is one of those days where everything feels right.,joy
"I'm so angry, nothing is going right.",angry
"Better days are on their way, I just know it.",optimistic
Feeling a bit distant today.,neutral
This is absolutely infuriating!,angry
Life feels like it’s going perfectly today.,happy
"I can't handle this anymore, I'm so angry.",angry
"Everything’s making me mad, I can’t handle this!",angry
I'm filled with happiness today!,happy
Every day brings me closer to better things.,optimistic
"Nothing is going right, and it makes me angry.",angry
Nothing is impossible when you keep believing.,optimistic
I can't stand this anymore!,angry
I'm in a state of indifference today.,neutral
I'm staying optimistic through it all.,optimistic
"Nothing too exciting happening today, just the usual.",neutral
"Just another day, nothing exciting.",neutral
"I’m indifferent about today, it’s just another day.",neutral
"I can’t stop smiling today, life is amazing!",happy
Everything is just falling into place!,joy
Just can't stop smiling today!,joy
"Nothing special, just a regular day.",neutral
I'm so angry I can barely think.,angry
"I'm staying hopeful, no matter what.",optimistic
Nothing can bring me down today.,happy
Everything is frustrating me so much.,angry
"Today is neither good nor bad, just neutral.",neutral
"Nothing special, just a regular day.",neutral
Everything is just perfect right now.,happy
I know that brighter days are ahead.,optimistic
Each new day brings more hope and opportunities.,optimistic
"Nothing special, just a regular day.",neutral
I know the best is yet to come.,optimistic
Everything is just annoying me right now.,angry
"I can’t stand this anymore, I’m so upset!",angry
"I'm feeling so good today, life is great!",happy
"I just want to scream, everything is wrong!",angry
I'm so frustrated with everything right now.,angry
I just can’t deal with this anymore.,angry
Good things are on the horizon.,optimistic
Feeling awesome about everything!,joy
"Just another average day, nothing to report.",neutral
Today is full of blessings!,happy
Why does everything feel so wrong today?,angry
"I'm so upset right now, nothing is working!",angry
Today feels like the best day ever!,joy
Life is just so good right now.,happy
Everything seems normal today.,neutral
I'm feeling very neutral about everything.,neutral
"I'm feeling optimistic, the best is yet to come.",optimistic
I'm so happy with everything that’s going on today.,happy
"Grateful for today, so much happiness.",happy
"The best is yet to come, I just know it.",optimistic
Life feels so good right now!,joy
Feeling so happy and grateful for everything.,happy
There's always a silver lining to every cloud.,optimistic
Feeling so light and joyful.,happy
"Life is okay, nothing special.",neutral
"Better days are on their way, I just know it.",optimistic
I feel so at peace with everything right now.,happy
"Everything is going wrong, and it's exhausting.",angry
I'm ready to face anything with a positive attitude.,optimistic
I'm in the best mood ever!,joy
I know the best is yet to come.,optimistic
"I’m filled with happiness, it’s a wonderful day!",joy
"Life is okay, nothing special.",neutral
Just really happy to be here today.,happy
"This is so unfair, I can't deal with it!",angry
"Feeling on top of the world today, everything is awesome!",joy
"I can't stand this, everything is wrong.",angry
I'm overwhelmed with joy right now!,joy
"Can't stop smiling, everything is great!",joy
"Feeling so joyful, today is my day!",joy
Everything is getting on my nerves!,angry
Why does everything always go wrong?,angry
"Life is fine, nothing to complain about.",neutral
"Everything feels neutral, nothing exciting or bad.",neutral
"I'm so angry right now, nothing makes sense.",angry
I'm stuck in the middle today.,neutral
"This is so frustrating, I can’t handle it anymore!",angry
Everything is aligned and I feel so happy!,happy
"Not much is happening today, it feels like an ordinary day.",neutral
Everything is just perfect today!,joy
Another regular day.,neutral
"Today is calm, nothing really exciting happening.",neutral
"Life is so beautiful today, feeling happy.",happy
"Today’s been pretty average, nothing too thrilling.",neutral
I'm so irritated right now!,angry
"This situation is so infuriating, I can’t deal with it!",angry
Couldn’t be more thrilled with life today!,happy
I'm feeling so positive today!,joy
"I'm so happy, I feel like flying!",happy
"Life is okay, nothing special.",neutral
"I'm losing my patience, nothing seems right today.",angry
"Everything seems fine, nothing stands out today.",neutral
"The best is yet to come, I just know it.",optimistic
Today feels like the best day ever!,joy
"Today feels like a regular day, nothing stands out.",neutral
"I’m excited to see what tomorrow brings, I feel hopeful.",optimistic
I feel so blessed and happy.,happy
"I just want to scream, nothing is going my way.",angry
"Even on tough days, I stay hopeful.",optimistic
"Nothing is going the way I want, I’m beyond irritated.",angry
Everything is frustrating me today.,angry
"I'm so happy today, I can't believe it!",happy
"This is so unfair, I’m furious!",angry
"I’m feeling amazing, today is my day!",joy
Everything around me is shining!,joy
Everything seems perfect at this moment!,joy
"I'm feeling calm and collected today, everything is in balance.",neutral
I can't stand how nothing is working right now.,angry
Every challenge is an opportunity to grow.,optimistic
"Today feels perfect, everything is aligned!",joy
"Just another average day, nothing to report.",neutral
"I’m just coasting through today, no major highs or lows.",neutral
I'm indifferent to how things are going.,neutral
"I can't handle this frustration, I'm furious!",angry
Looking at the bright side of things.,optimistic
Feeling so blessed and happy with everything today.,happy
"Everything just feels perfect, I can’t stop smiling.",joy
"I couldn’t be happier today, everything’s falling into place.",happy
Today has been nothing but joy and happiness!,happy
"Feeling great, can't explain it!",joy
"Today feels like a celebration, I’m so happy!",joy
I'm having the best day ever!,joy
"I can't deal with this anymore, I'm so angry.",angry
Couldn’t be more excited about life!,joy
Every challenge is just another step forward.,optimistic
"I know that the best is yet to come, and I can’t wait.",optimistic
"I’m so irritated, everything seems to be going wrong.",angry
"Life is boring today, just going through it.",neutral
"I feel hopeful for the future, I trust things will improve.",optimistic
I'm just going through the motions.,neutral
Why does everything have to go wrong today?,angry
"I’m feeling so angry, this situation is unbearable!",angry
Not much to say today.,neutral
Success is just waiting for me!,optimistic
"I'm feeling okay, nothing to complain about.",neutral
"I feel hopeful for the future, there’s so much potential.",optimistic
I believe in second chances.,optimistic
"Just another normal day, nothing special.",neutral
"Everything is just wrong today, I can't take it.",angry
I feel so angry about everything right now.,angry
My spirit is soaring today!,joy
"Everything today is just driving me crazy, I can’t stand it.",angry
I’m fuming with anger today.,angry
I'm staying positive through the hard times.,optimistic
"Today feels like a regular day, nothing stands out.",neutral
Such a pleasant and wonderful day!,happy
"Such a wonderful day, I’m so grateful!",joy
Today is the best day ever!,joy
I'm in a happy place right now!,joy
"Nothing could bring me down today, I'm so happy!",happy
"Everything is irritating me today, I’m fed up.",angry
I’m bursting with happiness today!,joy
I'm just going through the motions.,neutral
I'm extremely happy with my life right now!,happy
I'm feeling like I could float on air!,joy
I'm indifferent to how things are going.,neutral
I'm just here today.,neutral
Today is the best day in a long time!,joy
Every challenge is just another step forward.,optimistic
"Everything is just perfect, so happy!",happy
I'm indifferent about everything today.,neutral
I'm really angry at everything right now.,angry
I believe that every setback is just a setup for success.,optimistic
"Everything is so wonderful right now, I’m really happy.",happy
Looking at the bright side of things.,optimistic
"I'm staying positive, I know things will turn around.",optimistic
"Every challenge is an opportunity to grow, I’ll stay hopeful.",optimistic
"Nothing too exciting happening today, just the usual.",neutral
Today’s a day filled with endless joy!,joy
Today is going to be amazing!,joy
I'm so upset right now.,angry
I can't handle this frustration any longer.,angry
I try to stay hopeful no matter the challenges.,optimistic
Everything irritates me today.,angry
"I just want to scream, nothing is working!",angry
My heart is full of joy right now!,joy
I'm ready to take on the world!,joy
"Nothing exciting happening today, just neutral.",neutral
Today is just an average day.,neutral
Feeling so joyous today!,joy
I’m confident the future is full of possibilities.,optimistic
"I can't believe how unfair this is, I'm so angry!",angry
"Today is neither good nor bad, just neutral.",neutral
I just want to scream.,angry
"Just another normal day, nothing special.",neutral
Things are going to turn around soon.,optimistic
"Today feels like a regular day, nothing stands out.",neutral
"Even on tough days, I choose optimism.",optimistic
"Everything is going wrong, I hate it.",angry
"I’m in the best mood ever, everything feels perfect!",happy
Why does everything frustrate me?,angry
Everything seems to be falling into place!,happy
"So much happiness, it's overwhelming!",happy
I'm choosing hope over fear.,optimistic
"I can't believe this, I'm so mad right now!",angry
"Feeling good, everything is going my way.",happy
Tomorrow is a new day with new possibilities.,optimistic
"I'm so joyful today, everything is perfect!",joy
I'm just so mad right now!,angry
Everything is going just perfect!,happy
I'm in such a great mood today.,happy
"Just another day, nothing exciting.",neutral
Optimism is my superpower.,optimistic
Today is a beautiful day!,happy
